arquivo,mi,rank_mi
tests/func/checkpoints/test_checkpoint_workflows.py,21.4892,A
tests/unit/test_utils.py,22.362,A
tests/func/model/test_yolo.py,22.8126,A
src/datachain/func/func.py,23.2481,A
tests/func/test_read_dataset_remote.py,23.5575,A
tests/func/test_retrieval.py,25.745,A
src/datachain/lib/video.py,26.0636,A
tests/conftest.py,26.2604,A
src/datachain/lib/settings.py,26.381,A
tests/func/test_client.py,26.4996,A
tests/func/test_pull.py,26.7273,A
src/datachain/utils.py,26.7581,A
tests/unit/lib/test_feature.py,27.4881,A
tests/unit/lib/test_audio.py,27.7278,A
src/datachain/skill/knowledge/scripts/bucket_scan.py,27.8968,A
tests/unit/lib/test_arrow.py,28.1666,A
tests/unit/lib/test_udf_signature.py,28.784,A
tests/unit/lib/test_buffer.py,29.0162,A
tests/func/checkpoints/test_checkpoint_recovery.py,29.231,A
src/datachain/sql/sqlite/base.py,29.357,A
tests/func/test_to_storage.py,29.4594,A
src/datachain/query/dispatch.py,29.5293,A
tests/func/test_storage_pattern.py,29.9729,A
tests/unit/test_dataset.py,31.0042,A
src/datachain/client/fsspec.py,31.1597,A
tests/unit/test_cli_skill.py,31.1896,A
tests/unit/lib/test_diff.py,31.2032,A
tests/unit/lib/test_partition_by.py,31.441,A
tests/unit/test_select.py,31.8924,A
src/datachain/remote/studio.py,33.1149,A
tests/unit/test_catalog_loader.py,33.4339,A
tests/unit/test_client_local.py,33.4463,A
tests/func/test_mutate.py,33.9563,A
tests/unit/sql/sqlite/test_types.py,34.1558,A
tests/unit/test_query_steps_hash.py,34.2192,A
tests/func/test_to_csv.py,35.3549,A
src/datachain/listing.py,35.5997,A
src/datachain/lib/udf.py,35.7332,A
tests/unit/test_batching.py,35.8791,A
src/datachain/func/aggregate.py,36.7454,A
tests/unit/lib/test_settings.py,37.1244,A
tests/unit/model/test_bbox.py,37.1532,A
src/datachain/skill/jobs/scripts/jobs.py,37.3813,A
tests/unit/test_datachain_hash.py,37.7885,A
tests/unit/test_hash_utils.py,38.0631,A
tests/unit/test_cache.py,38.4603,A
src/datachain/skill/knowledge/scripts/dataset_all.py,38.6123,A
src/datachain/lib/webdataset.py,39.0266,A
tests/func/test_listing.py,39.2111,A
tests/func/test_file.py,39.2547,A
tests/unit/lib/test_project.py,39.5683,A
tests/unit/lib/test_webdataset.py,39.9778,A
tests/unit/test_client_azure.py,40.085,A
tests/unit/lib/test_zarr.py,40.1397,A
tests/unit/test_cli_parsing.py,40.1799,A
tests/func/test_ls.py,40.3951,A
src/datachain/skill/knowledge/scripts/render_index.py,40.5085,A
tests/func/checkpoints/test_checkpoint_cleanup.py,40.7507,A
tests/unit/test_client_bucket_status.py,40.8237,A
tests/unit/lib/test_subtract.py,40.8405,A
tests/unit/test_listing.py,40.9278,A
src/datachain/lib/dc/storage_pattern.py,41.0132,A
src/datachain/lib/udf_signature.py,41.4798,A
src/datachain/cli/commands/skill.py,41.6056,A
tests/func/test_to_json.py,41.6878,A
src/datachain/skill/knowledge/scripts/utils.py,41.7534,A
src/datachain/skill/knowledge/scripts/plan.py,41.8279,A
tests/unit/test_warehouse.py,42.1504,A
src/datachain/cli/commands/ls.py,42.8252,A
tests/unit/test_asyn.py,42.8795,A
tests/unit/model/test_pose.py,43.0609,A
src/datachain/lib/utils.py,43.387,A
tests/unit/test_metastore.py,43.6776,A
tests/func/test_feature_pickling.py,44.2091,A
tests/unit/test_data_model.py,44.2208,A
src/datachain/lib/arrow.py,44.4501,A
tests/utils.py,44.5508,A
src/datachain/cli/__init__.py,44.6174,A
tests/unit/lib/test_storage_pattern.py,44.6221,A
tests/unit/lib/test_utils.py,44.7794,A
src/datachain/delta.py,44.8271,A
src/datachain/client/s3.py,44.8606,A
tests/unit/lib/test_udf.py,44.9531,A
tests/unit/lib/test_feature_utils.py,45.0196,A
tests/func/functions/test_cast.py,45.2447,A
tests/func/test_temp_table_tracking.py,45.6234,A
tests/test_atomicity.py,45.8588,A
src/datachain/client/gcs.py,45.893,A
src/datachain/lib/dataset_info.py,46.0595,A
tests/func/test_cli_show.py,46.0855,A
src/datachain/client/http.py,46.095,A
tests/unit/test_client_hf.py,46.0991,A
tests/unit/test_client_http.py,46.1585,A
tests/unit/lib/test_namespace.py,46.1818,A
tests/test_query_e2e.py,46.2061,A
tests/func/test_retry.py,46.2474,A
src/datachain/query/session.py,46.3541,A
tests/unit/test_dataset_status_management.py,46.3738,A
src/datachain/asyn.py,46.3924,A
src/datachain/project.py,46.4592,A
tests/unit/test_serializer.py,46.5233,A
tests/unit/test_json.py,46.5258,A
tests/unit/lib/test_datachain_bootstrap.py,46.8339,A
tests/func/functions/test_conditional.py,46.9397,A
src/datachain/skill/knowledge/scripts/dataset.py,46.9859,A
extract_metrics_before_radon.py,47.2786,A
tests/func/test_read_database.py,47.3205,A
tests/func/test_data_storage.py,47.3895,A
tests/unit/test_udf_subprocess_exit_codes.py,47.49,A
src/datachain/data_storage/schema.py,47.5853,A
tests/unit/test_database_engine.py,47.6222,A
tests/unit/test_client_s3.py,47.6827,A
tests/unit/lib/test_clip.py,48.1551,A
tests/func/functions/test_aggregate.py,48.1616,A
src/datachain/nodes_thread_pool.py,48.4594,A
tests/unit/test_job_management.py,48.4957,A
tests/unit/sql/test_conditional.py,48.5061,A
tests/unit/test_session.py,48.8252,A
src/datachain/cli/commands/datasets.py,48.9983,A
src/datachain/json.py,49.0346,A
tests/unit/test_batch_size.py,49.1846,A
src/datachain/func/string.py,49.5193,A
tests/test_cli_e2e.py,49.6602,A
src/datachain/lib/convert/unflatten.py,50.1511,A
src/datachain/config.py,50.2597,A
src/datachain/lib/data_model.py,50.4477,A
tests/func/test_hf.py,50.5157,A
src/datachain/lib/dc/database.py,50.6029,A
tests/func/functions/test_array.py,50.9663,A
tests/func/checkpoints/test_checkpoint_invalidation.py,51.1637,A
src/datachain/lib/pytorch.py,51.4171,A
src/datachain/func/conditional.py,51.4754,A
src/datachain/node.py,51.6168,A
tests/func/test_toolkit.py,51.6293,A
src/datachain/client/local.py,51.702,A
tests/scripts/concurrent_save.py,51.8821,A
src/datachain/lib/meta_formats.py,51.9202,A
src/datachain/query/schema.py,52.0669,A
tests/unit/sql/test_types.py,52.1282,A
src/datachain/lib/convert/python_to_sql.py,52.2156,A
tests/unit/test_pytorch.py,52.4762,A
tests/unit/test_semver.py,52.554,A
tests/unit/test_delta.py,52.5698,A
tests/unit/test_batch_size_udf.py,52.6095,A
src/datachain/cache.py,52.611,A
tests/unit/lib/test_hf.py,52.9754,A
tests/func/test_hidden_field.py,53.0403,A
tests/unit/lib/test_python_to_sql.py,53.1159,A
tests/func/test_warehouse.py,53.1984,A
tests/unit/test_client.py,53.3814,A
tests/unit/test_client_gcs.py,53.5288,A
tests/func/test_local_db_migration.py,53.6027,A
tests/unit/lib/test_image.py,53.6417,A
tests/unit/test_dispatch.py,53.7492,A
tests/unit/sql/test_array.py,53.842,A
tests/func/test_model_store_rebuild.py,54.0521,A
tests/unit/lib/test_text.py,54.4085,A
src/datachain/lib/hf.py,54.5966,A
src/datachain/func/array.py,54.8524,A
tests/func/test_datachain_merge.py,54.9197,A
tests/unit/test_meta_formats.py,54.9881,A
src/datachain/checkpoint_event.py,55.2352,A
tests/unit/test_cli_datasets.py,55.2832,A
tests/func/test_image.py,55.37,A
src/datachain/lib/convert/values_to_tuples.py,55.3779,A
tests/func/test_pytorch.py,55.4444,A
src/datachain/job.py,55.7055,A
src/datachain/model/utils.py,55.7794,A
tests/unit/test_sqlite_add_column.py,56.3133,A
tests/func/functions/test_numeric.py,56.349,A
src/datachain/skill/knowledge/scripts/bucket_overview.py,56.7872,A
tests/unit/test_script_meta.py,56.92,A
tests/unit/test_fileslice.py,56.9514,A
tests/func/test_read_dataset_version_specifiers.py,57.0529,A
src/datachain/lib/dc/utils.py,57.8132,A
src/datachain/client/azure.py,57.8792,A
tests/func/functions/test_string.py,57.913,A
src/datachain/lib/model_store.py,58.019,A
src/datachain/lib/audio.py,58.1687,A
tests/examples/test_wds_e2e.py,58.2056,A
src/datachain/lib/listing.py,58.3039,A
src/datachain/cli/parser/job.py,58.4496,A
src/datachain/lib/zarr.py,58.6196,A
tests/unit/sql/test_string.py,58.9791,A
examples/multimodal/openai_image_desc_lib.py,59.1686,A
src/datachain/sql/sqlite/vector.py,59.3943,A
tests/func/functions/test_path.py,59.4198,A
src/datachain/cli/parser/utils.py,59.4849,A
src/datachain/skill/knowledge/scripts/schema.py,59.4925,A
src/datachain/model/bbox.py,59.5343,A
tests/test_job_management_e2e.py,59.6045,A
tests/func/test_bucket_status.py,59.917,A
tests/func/checkpoints/test_checkpoint_job_linking.py,59.934,A
tests/func/test_metrics.py,60.1266,A
src/datachain/cli/commands/show.py,60.2846,A
src/datachain/skill/knowledge/scripts/changes.py,60.5341,A
src/datachain/diff/__init__.py,60.6309,A
tests/func/test_meta_formats.py,60.7499,A
tests/func/test_studio_datetime_parsing.py,61.0808,A
tests/examples/test_examples.py,61.2218,A
src/datachain/lib/dc/storage.py,61.5698,A
src/datachain/query/batch.py,61.7265,A
tests/unit/test_skill_jobs_scripts.py,61.8153,A
tests/func/test_audio.py,61.8191,A
tests/func/checkpoints/test_checkpoint_parallel.py,61.8483,A
src/datachain/catalog/loader.py,62.0033,A
tests/unit/test_config.py,62.0195,A
src/datachain/client/fileslice.py,62.0748,A
src/datachain/lib/webdataset_laion.py,62.4222,A
src/datachain/lib/dc/datasets.py,62.5287,A
src/datachain/hash_utils.py,63.0964,A
tests/unit/test_query_metrics.py,63.2056,A
tests/test_telemetry.py,63.3833,A
src/datachain/func/numeric.py,64.3384,A
src/datachain/sql/sqlite/types.py,64.3926,A
src/datachain/catalog/datasource.py,64.4765,A
extract_metrics_before_pylint.py,64.8827,A
src/datachain/query/udf.py,65.0304,A
src/datachain/lib/clip.py,65.0684,A
src/datachain/sql/selectable.py,65.1241,A
src/datachain/namespace.py,65.2072,A
examples/computer_vision/iptc_exif_xmp_lib.py,65.2381,A
src/datachain/cli/utils.py,65.2631,A
noxfile.py,66.051,A
src/datachain/model/pose.py,66.0535,A
examples/llm_and_nlp/claude-query.py,66.0549,A
tests/unit/test_data_storage.py,66.4753,A
tests/unit/test_query_params.py,66.609,A
src/datachain/data_storage/db_engine.py,66.6411,A
src/datachain/catalog/dependency.py,66.6677,A
tests/func/test_read_csv.py,66.9603,A
tests/func/test_similarity_search.py,67.0993,A
extract_score_before_pylint.py,67.2867,A
tests/unit/lib/conftest.py,67.5474,A
src/datachain/data_storage/serializer.py,67.6777,A
tests/unit/sql/test_selectable.py,68.045,A
src/datachain/skill/knowledge/scripts/list_datasets.py,68.2205,A
tests/unit/test_job.py,68.4203,A
src/datachain/lib/convert/flatten.py,68.4238,A
tests/unit/lib/test_listing_info.py,68.4988,A
examples/get_started/torch-loader.py,68.7192,A
tests/func/test_storage_auto_anon.py,68.7532,A
src/datachain/toolkit/split.py,68.9393,A
src/datachain/sql/utils.py,69.3344,A
tests/unit/model/test_segment.py,69.3344,A
tests/unit/sql/test_path.py,69.5124,A
src/datachain/skill/knowledge/scripts/cleanup_json.py,70.7289,A
src/datachain/lib/dc/records.py,70.74,A
src/datachain/script_meta.py,70.8323,A
src/datachain/fs/utils.py,70.9394,A
tests/func/checkpoints/test_checkpoint_concurrency.py,71.1431,A
examples/computer_vision/openimage-detect.py,72.5196,A
src/datachain/model/ultralytics/bbox.py,72.8509,A
src/datachain/query/metrics.py,73.1428,A
src/datachain/query/params.py,73.3133,A
src/datachain/lib/listing_info.py,73.6868,A
src/datachain/data_storage/buffer.py,73.6887,A
src/datachain/model/ultralytics/pose.py,73.9292,A
tests/test_import_time.py,73.9775,A
src/datachain/sql/functions/conversion.py,74.0184,A
examples/multimodal/hf_pipeline.py,74.2607,A
tests/func/test_union.py,74.6645,A
examples/llm_and_nlp/hf-dataset-llm-eval.py,74.9171,A
examples/incremental_processing/retry.py,75.0142,A
examples/get_started/json-csv-reader.py,75.2273,A
src/datachain/semver.py,75.273,A
src/datachain/lib/convert/sql_to_python.py,75.7116,A
src/datachain/lib/namespaces.py,76.5063,A
src/datachain/lib/projects.py,76.8448,A
src/datachain/lib/dc/listings.py,76.8517,A
src/datachain/model/segment.py,77.4056,A
src/datachain/client/hf.py,77.4169,A
tests/unit/lib/test_schema.py,77.8806,A
src/datachain/model/ultralytics/segment.py,78.303,A
src/datachain/lib/dc/csv.py,79.098,A
examples/multimodal/clip_inference.py,79.394,A
tests/scripts/feature_class_parallel_data_model.py,79.5961,A
tests/unit/test_catalog.py,79.7423,A
tests/unit/sql/sqlite/test_utils.py,79.7423,A
tests/benchmarks/conftest.py,79.8768,A
extract_metrics_before_pytest.py,80.2746,A
tests/scripts/feature_class_parallel.py,80.3824,A
tests/func/test_session.py,80.6519,A
tests/func/test_signal_schema.py,80.9099,A
src/datachain/lib/dc/hf.py,80.9235,A
src/datachain/__main__.py,81.8563,A
examples/multimodal/audio-to-text.py,84.1375,A
src/datachain/lib/dc/json.py,85.4073,A
examples/get_started/nested_datamodel.py,85.5649,A
src/datachain/progress.py,86.6823,A
src/datachain/lib/image.py,86.8315,A
src/datachain/skill/knowledge/scripts/db_mtime.py,86.8464,A
examples/computer_vision/llava2_image_desc_lib.py,86.9977,A
extract_metrics_before_codecarbon.py,87.8537,A
examples/get_started/udfs/stateful.py,87.8857,A
examples/incremental_processing/delta.py,87.9985,A
examples/multimodal/wds_filtered.py,88.2226,A
tests/func/functions/test_random.py,88.8481,A
examples/incremental_processing/utils.py,89.9013,A
src/datachain/func/window.py,91.1227,A
src/datachain/lib/dc/zarr.py,91.2163,A
src/datachain/lib/text.py,92.0495,A
examples/get_started/udfs/parallel.py,92.229,A
tests/scripts/name_len_slow.py,92.7305,A
docs/api_hooks.py,93.4096,A
examples/multimodal/zarr-robot-frames.py,94.1028,A
src/datachain/lib/dc/pandas.py,95.5902,A
tests/benchmarks/test_datachain.py,95.6193,A
tests/unit/lib/test_sql_to_python.py,95.9192,A
src/datachain/cli/commands/bucket.py,97.5,A
src/datachain/fs/reference.py,98.6098,A
examples/computer_vision/ultralytics-bbox.py,100.0,A
examples/computer_vision/ultralytics-pose.py,100.0,A
examples/computer_vision/ultralytics-segment.py,100.0,A
examples/get_started/common_sql_functions.py,100.0,A
examples/get_started/udfs/simple.py,100.0,A
examples/multimodal/wds.py,100.0,A
src/datachain/checkpoint.py,100.0,A
src/datachain/error.py,100.0,A
src/datachain/nodes_fetcher.py,100.0,A
src/datachain/plugins.py,100.0,A
src/datachain/telemetry.py,100.0,A
src/datachain/__init__.py,100.0,A
src/datachain/catalog/__init__.py,100.0,A
src/datachain/cli/commands/du.py,100.0,A
src/datachain/cli/commands/index.py,100.0,A
src/datachain/cli/commands/misc.py,100.0,A
src/datachain/cli/commands/__init__.py,100.0,A
src/datachain/cli/parser/pipeline.py,100.0,A
src/datachain/cli/parser/skill.py,100.0,A
src/datachain/cli/parser/studio.py,100.0,A
src/datachain/cli/parser/__init__.py,100.0,A
src/datachain/client/__init__.py,100.0,A
src/datachain/data_storage/job.py,100.0,A
src/datachain/data_storage/__init__.py,100.0,A
src/datachain/fs/__init__.py,100.0,A
src/datachain/func/base.py,100.0,A
src/datachain/func/path.py,100.0,A
src/datachain/func/random.py,100.0,A
src/datachain/func/__init__.py,100.0,A
src/datachain/lib/tar.py,100.0,A
src/datachain/lib/__init__.py,100.0,A
src/datachain/lib/convert/__init__.py,100.0,A
src/datachain/lib/dc/parquet.py,100.0,A
src/datachain/lib/dc/values.py,100.0,A
src/datachain/lib/dc/__init__.py,100.0,A
src/datachain/model/__init__.py,100.0,A
src/datachain/model/ultralytics/__init__.py,100.0,A
src/datachain/query/queue.py,100.0,A
src/datachain/query/__init__.py,100.0,A
src/datachain/remote/__init__.py,100.0,A
src/datachain/skill/__init__.py,100.0,A
src/datachain/skill/jobs/__init__.py,100.0,A
src/datachain/skill/jobs/scripts/__init__.py,100.0,A
src/datachain/skill/knowledge/__init__.py,100.0,A
src/datachain/skill/knowledge/scripts/__init__.py,100.0,A
src/datachain/sql/postgresql_dialect.py,100.0,A
src/datachain/sql/postgresql_types.py,100.0,A
src/datachain/sql/__init__.py,100.0,A
src/datachain/sql/default/base.py,100.0,A
src/datachain/sql/default/__init__.py,100.0,A
src/datachain/sql/functions/aggregate.py,100.0,A
src/datachain/sql/functions/array.py,100.0,A
src/datachain/sql/functions/conditional.py,100.0,A
src/datachain/sql/functions/numeric.py,100.0,A
src/datachain/sql/functions/path.py,100.0,A
src/datachain/sql/functions/random.py,100.0,A
src/datachain/sql/functions/string.py,100.0,A
src/datachain/sql/functions/__init__.py,100.0,A
src/datachain/sql/sqlite/__init__.py,100.0,A
src/datachain/toolkit/__init__.py,100.0,A
src/datachain/torch/__init__.py,100.0,A
tests/data.py,100.0,A
tests/__init__.py,100.0,A
tests/benchmarks/test_ls.py,100.0,A
tests/benchmarks/test_version.py,100.0,A
tests/benchmarks/__init__.py,100.0,A
tests/examples/wds_data.py,100.0,A
tests/examples/__init__.py,100.0,A
tests/func/__init__.py,100.0,A
tests/func/checkpoints/__init__.py,100.0,A
tests/func/functions/__init__.py,100.0,A
tests/func/model/__init__.py,100.0,A
tests/scripts/feature_class.py,100.0,A
tests/scripts/feature_class_exception.py,100.0,A
tests/unit/test_module_exports.py,100.0,A
tests/unit/__init__.py,100.0,A
tests/unit/lib/__init__.py,100.0,A
tests/unit/model/test_utils.py,100.0,A
tests/unit/model/__init__.py,100.0,A
tests/unit/sql/test_random.py,100.0,A
tests/unit/sql/__init__.py,100.0,A
tests/unit/sql/sqlite/__init__.py,100.0,A
src/datachain/studio.py,10.7617,B
tests/func/test_catalog.py,10.8833,B
tests/unit/test_signal_schema_partials.py,11.1101,B
tests/unit/lib/test_datachain_merge.py,12.4895,B
tests/unit/lib/test_file.py,13.181,B
src/datachain/lib/file.py,14.1134,B
src/datachain/sql/types.py,14.2286,B
tests/func/checkpoints/test_checkpoint_events.py,14.4099,B
src/datachain/dataset.py,14.5652,B
src/datachain/data_storage/warehouse.py,15.0727,B
tests/unit/test_skill_knowledge_scripts.py,15.8232,B
tests/func/test_delta.py,16.8318,B
src/datachain/data_storage/sqlite.py,18.4449,B
tests/func/test_udf.py,18.4846,B
src/datachain/skill/knowledge/scripts/summary.py,18.5206,B
tests/func/test_to_database.py,18.7877,B
src/datachain/catalog/catalog.py,0.0,C
src/datachain/data_storage/metastore.py,0.0,C
src/datachain/lib/signal_schema.py,0.0,C
src/datachain/lib/dc/datachain.py,0.0,C
src/datachain/query/dataset.py,0.0,C
tests/test_cli_studio.py,0.0,C
tests/func/test_datachain.py,0.0,C
tests/func/test_metastore.py,0.0,C
tests/func/test_video.py,0.0,C
tests/unit/test_func.py,0.0,C
tests/unit/lib/test_datachain.py,0.0,C
tests/unit/lib/test_signal_schema.py,0.0,C
tests/func/test_datasets.py,4.0635,C
tests/func/test_dataset_query.py,6.6484,C